,Unnamed: 0,Prod5,brand_desc,Prod6,YEAR_c,WEEK_c,month_c,START_DATE,END_DATE,Region,m_sku_cd,m_sku_desc,tons,gsv,zcon,zpr1,y400,min_con_price_per_gram,avg_con_price_per_gram,max_con_price_per_gram,media_spend_value,tons_lag18,tons_lag19,tons_lag20,tons_lag21,tons_lagdiff_18_19,tons_lagdiff_19_20,tons_lagdiff_20_21,tons_rollingmean_18_19_20,media_lag_1,media_lag_2,media_lag_3,media_lag_4,media_lagdiff_1_2,media_lagdiff_2_3,media_lagdiff_3_4,price_lag_1,price_lag_2,price_lag_3,price_lag_4,price_lagdiff_1_2,price_lagdiff_2_3,price_lagdiff_3_4,sec_vol,sec_val,incentive_applied_pop_count,bonus,freeitems,unit,kg,bonus_flag,freeItems_flag,unit_flag,kg_flag,max_bonus,max_freeitems,max_unit,max_kg,min_bonus,min_freeitems,min_unit,min_kg,avg_bonus,avg_freeitems,avg_unit,avg_kg,incentive_applied_pop_count_lag_1,incentive_applied_pop_count_lag_2,incentive_applied_pop_count_lag_3,incentive_applied_pop_count_lag_4,incentive_applied_pop_count_lagdiff_1_2,incentive_applied_pop_count_lagdiff_2_3,incentive_applied_pop_count_lagdiff_3_4,bonus_lag_1,bonus_lag_2,bonus_lag_3,bonus_lag_4,bonus_lagdiff_1_2,bonus_lagdiff_2_3,bonus_lagdiff_3_4,freeitems_lag_1,freeitems_lag_2,freeitems_lag_3,freeitems_lag_4,freeitems_lagdiff_1_2,freeitems_lagdiff_2_3,freeitems_lagdiff_3_4,unit_lag_1,unit_lag_2,unit_lag_3,unit_lag_4,unit_lagdiff_1_2,unit_lagdiff_2_3,unit_lagdiff_3_4,kg_lag_1,kg_lag_2,kg_lag_3,kg_lag_4,kg_lagdiff_1_2,kg_lagdiff_2_3,kg_lagdiff_3_4,incentive_applied_pop_count_lead_1,incentive_applied_pop_count_lead_2,incentive_applied_pop_count_leaddiff_1_2,bonus_lead_1,bonus_lead_2,bonus_leaddiff_1_2,freeitems_lead_1,freeitems_lead_2,freeitems_leaddiff_1_2,unit_lead_1,unit_lead_2,unit_leaddiff_1_2,kg_lead_1,kg_lead_2,kg_leaddiff_1_2
0,0,310207013,,310207013RY,2018,33,8,2018-08-13,8/19/2018,PESHAWAR,MS67361385,KNORR BLOCK NOODLES CHATPATA 18X264G,1.7280000000000002,521134.4,1553.84667,1432.1166699999999,-5.48,5.76924,5.8857800000000005,6.11886,5999700.0,1.004,0.847,0.612,1.008,0.157,0.235,-0.396,0.821,5999700.0,6939800.0,6939800.0,6939800.0,-940100.0,0.0,0.0,5.8857800000000005,5.8857800000000005,5.8857800000000005,5.8857800000000005,0.0,0.0,0.0,1.4237,432253.87,429,192,0,0,0,1,0,0,0,3.0,0,0.0,0.0,1.0,0,0.0,0.0,1.726562,0,0.0,0.0,360.0,451.0,273.0,402.0,-91.0,178.0,-129.0,185.0,238.0,177.0,197.0,-53.0,61.0,-20.0,0.0,0.0,0.0,0.0,0.0,0.0,0.0,0.0,372.0,256.0,312.0,-372.0,116.0,-56.0,0.0,0.0,0.0,0.0,0.0,0.0,0.0,153.0,150.0,3.0,114.0,109.0,5.0,0.0,0.0,0.0,0.0,0.0,0.0,0.0,0.0,0.0
20,20,310207013,,310207013RY,2018,35,8,2018-08-27,9/2/2018,PESHAWAR,MS67361385,KNORR BLOCK NOODLES CHATPATA 18X264G,0.611,190570.24,1553.84667,1432.1166699999999,-5.48,5.76924,5.8857800000000005,6.11886,5999700.0,0.8540000000000001,1.442,1.004,0.847,-0.588,0.43799999999999994,0.157,1.1,5999700.0,5999700.0,5999700.0,6939800.0,0.0,0.0,-940100.0,5.8857800000000005,5.8857800000000005,5.8857800000000005,5.8857800000000005,0.0,0.0,0.0,0.6955,213736.48,150,109,0,0,0,1,0,0,0,3.0,0,0.0,0.0,1.0,0,0.0,0.0,1.692661,0,0.0,0.0,153.0,429.0,360.0,451.0,-276.0,69.0,-91.0,114.0,192.0,185.0,238.0,-78.0,7.0,-53.0,0.0,0.0,0.0,0.0,0.0,0.0,0.0,0.0,0.0,0.0,372.0,0.0,0.0,-372.0,0.0,0.0,0.0,0.0,0.0,0.0,0.0,320.0,334.0,-14.0,206.0,193.0,13.0,0.0,0.0,0.0,0.0,0.0,0.0,0.0,0.0,0.0
40,40,310207013,,310207013RY,2018,36,9,2018-09-03,9/9/2018,PESHAWAR,MS67361385,KNORR BLOCK NOODLES CHATPATA 18X264G,2.758,863521.4,1553.84667,1432.1166699999999,-5.48,5.76924,5.8857800000000005,6.11886,6454000.0,1.2,0.8540000000000001,1.442,1.004,0.34600000000000003,-0.588,0.43799999999999994,1.165333333,5999700.0,5999700.0,5999700.0,5999700.0,0.0,0.0,0.0,5.8857800000000005,5.8857800000000005,5.8857800000000005,5.8857800000000005,0.0,0.0,0.0,1.3949,442230.53,320,206,0,0,0,1,0,0,0,3.0,0,0.0,0.0,1.0,0,0.0,0.0,1.686893,0,0.0,0.0,150.0,153.0,429.0,360.0,-3.0,-276.0,69.0,109.0,114.0,192.0,185.0,-5.0,-78.0,7.0,0.0,0.0,0.0,0.0,0.0,0.0,0.0,0.0,0.0,0.0,0.0,0.0,0.0,0.0,0.0,0.0,0.0,0.0,0.0,0.0,0.0,334.0,356.0,-22.0,193.0,212.0,-19.0,0.0,0.0,0.0,0.0,0.0,0.0,0.0,0.0,0.0
60,60,310207013,,310207013RY,2018,37,9,2018-09-10,9/16/2018,PESHAWAR,MS67361385,KNORR BLOCK NOODLES CHATPATA 18X264G,1.919,599998.49,1553.84667,1432.1166699999999,-5.48,5.76924,5.8857800000000005,6.11886,6454000.0,1.5719999999999998,1.2,0.8540000000000001,1.442,0.37200000000000005,0.34600000000000003,-0.588,1.2086666670000001,6454000.0,5999700.0,5999700.0,5999700.0,454300.0,0.0,0.0,5.8857800000000005,5.8857800000000005,5.8857800000000005,5.8857800000000005,0.0,0.0,0.0,1.5875,502140.4,334,193,0,0,0,1,0,0,0,3.0,0,0.0,0.0,1.0,0,0.0,0.0,1.663212,0,0.0,0.0,320.0,150.0,153.0,429.0,170.0,-3.0,-276.0,206.0,109.0,114.0,192.0,97.0,-5.0,-78.0,0.0,0.0,0.0,0.0,0.0,0.0,0.0,0.0,0.0,0.0,0.0,0.0,0.0,0.0,0.0,0.0,0.0,0.0,0.0,0.0,0.0,356.0,386.0,-30.0,212.0,191.0,21.0,0.0,0.0,0.0,0.0,0.0,0.0,0.0,0.0,0.0
80,80,310207013,,310207013RY,2018,39,9,2018-09-24,9/30/2018,PESHAWAR,MS67361385,KNORR BLOCK NOODLES CHATPATA 18X264G,2.2119999999999997,692305.95,1553.84667,1432.1166699999999,-5.48,5.76924,5.8857800000000005,6.11886,6454000.0,1.6269999999999998,0.981,1.5719999999999998,1.2,0.6459999999999999,-0.591,0.37200000000000005,1.3933333330000002,6454000.0,6454000.0,6454000.0,5999700.0,0.0,0.0,454300.0,5.8857800000000005,5.8857800000000005,5.8857800000000005,5.8857800000000005,0.0,0.0,0.0,1.6997,538879.82,386,191,0,0,0,1,0,0,0,3.0,0,0.0,0.0,1.0,0,0.0,0.0,1.7146599999999999,0,0.0,0.0,356.0,334.0,320.0,150.0,22.0,14.0,170.0,212.0,193.0,206.0,109.0,19.0,-13.0,97.0,0.0,0.0,0.0,0.0,0.0,0.0,0.0,0.0,0.0,0.0,0.0,0.0,0.0,0.0,0.0,0.0,0.0,0.0,0.0,0.0,0.0,246.0,363.0,-117.0,137.0,174.0,-37.0,0.0,0.0,0.0,0.0,0.0,0.0,0.0,0.0,0.0
100,100,310207013,,310207013RY,2018,40,10,2018-10-01,10/7/2018,PESHAWAR,MS67361385,KNORR BLOCK NOODLES CHATPATA 18X264G,0.635,198014.39,1553.84667,1432.1166699999999,-5.48,5.76924,5.8857800000000005,6.11886,2404500.0,1.94,1.6269999999999998,0.981,1.5719999999999998,0.313,0.6459999999999999,-0.591,1.516,6454000.0,6454000.0,6454000.0,6454000.0,0.0,0.0,0.0,5.8857800000000005,5.8857800000000005,5.8857800000000005,5.8857800000000005,0.0,0.0,0.0,1.5584,489941.28,246,137,0,0,0,1,0,0,0,3.0,0,0.0,0.0,1.0,0,0.0,0.0,1.653285,0,0.0,0.0,386.0,356.0,334.0,320.0,30.0,22.0,14.0,191.0,212.0,193.0,206.0,-21.0,19.0,-13.0,0.0,0.0,0.0,0.0,0.0,0.0,0.0,0.0,0.0,0.0,0.0,0.0,0.0,0.0,0.0,0.0,0.0,0.0,0.0,0.0,0.0,363.0,279.0,84.0,174.0,191.0,-17.0,0.0,0.0,0.0,0.0,0.0,0.0,0.0,0.0,0.0
120,120,310207013,,310207013RY,2018,41,10,2018-10-08,10/14/2018,PESHAWAR,MS67361385,KNORR BLOCK NOODLES CHATPATA 18X264G,1.7790000000000001,556822.42,1553.84667,1432.1166699999999,-5.48,5.76924,5.8857800000000005,6.11886,2404500.0,1.018,1.94,1.6269999999999998,0.981,-0.922,0.313,0.6459999999999999,1.5283333330000002,2404500.0,6454000.0,6454000.0,6454000.0,-4049500.0,0.0,0.0,5.8857800000000005,5.8857800000000005,5.8857800000000005,5.8857800000000005,0.0,0.0,0.0,1.2007,382464.21,363,174,0,0,0,1,0,0,0,3.0,0,0.0,0.0,1.0,0,0.0,0.0,1.646552,0,0.0,0.0,246.0,386.0,356.0,334.0,-140.0,30.0,22.0,137.0,191.0,212.0,193.0,-54.0,-21.0,19.0,0.0,0.0,0.0,0.0,0.0,0.0,0.0,0.0,0.0,0.0,0.0,0.0,0.0,0.0,0.0,0.0,0.0,0.0,0.0,0.0,0.0,279.0,305.0,-26.0,191.0,327.0,-136.0,0.0,0.0,0.0,0.0,0.0,0.0,0.0,0.0,0.0
140,140,310207013,,310207013RY,2018,42,10,2018-10-15,10/21/2018,PESHAWAR,MS67361385,KNORR BLOCK NOODLES CHATPATA 18X264G,1.474,461537.3,1553.84667,1432.1166699999999,-5.48,5.76924,5.8857800000000005,6.11886,2404500.0,1.065,1.018,1.94,1.6269999999999998,0.047,-0.922,0.313,1.341,2404500.0,2404500.0,6454000.0,6454000.0,0.0,-4049500.0,0.0,5.8857800000000005,5.8857800000000005,5.8857800000000005,5.8857800000000005,0.0,0.0,0.0,1.5944,501280.53,279,191,0,0,0,1,0,0,0,3.0,0,0.0,0.0,1.0,0,0.0,0.0,1.643979,0,0.0,0.0,363.0,246.0,386.0,356.0,117.0,-140.0,30.0,174.0,137.0,191.0,212.0,37.0,-54.0,-21.0,0.0,0.0,0.0,0.0,0.0,0.0,0.0,0.0,0.0,0.0,0.0,0.0,0.0,0.0,0.0,0.0,0.0,0.0,0.0,0.0,0.0,305.0,249.0,56.0,327.0,430.0,-103.0,0.0,0.0,0.0,0.0,0.0,0.0,0.0,0.0,0.0
160,160,310207013,,310207013RY,2018,43,10,2018-10-22,10/28/2018,PESHAWAR,MS67361385,KNORR BLOCK NOODLES CHATPATA 18X264G,2.365,739948.51,1553.84667,1432.1166699999999,-5.48,5.76924,5.8857800000000005,6.11886,2404500.0,0.637,1.065,1.018,1.94,-0.428,0.047,-0.922,0.906666667,2404500.0,2404500.0,2404500.0,6454000.0,0.0,0.0,-4049500.0,5.8857800000000005,5.8857800000000005,5.8857800000000005,5.8857800000000005,0.0,0.0,0.0,1.1811,375270.33,305,327,0,0,0,1,0,0,0,3.5,0,0.0,0.0,1.0,0,0.0,0.0,2.204893,0,0.0,0.0,279.0,363.0,246.0,386.0,-84.0,117.0,-140.0,191.0,174.0,137.0,191.0,17.0,37.0,-54.0,0.0,0.0,0.0,0.0,0.0,0.0,0.0,0.0,0.0,0.0,0.0,0.0,0.0,0.0,0.0,0.0,0.0,0.0,0.0,0.0,0.0,249.0,207.0,42.0,430.0,382.0,48.0,0.0,0.0,0.0,0.0,0.0,0.0,0.0,0.0,0.0
180,180,310207013,,310207013RY,2018,44,10,2018-10-29,11/4/2018,PESHAWAR,MS67361385,KNORR BLOCK NOODLES CHATPATA 18X264G,1.0270000000000001,321587.28,1553.84667,1432.1166699999999,-5.48,5.76924,5.8857800000000005,6.11886,2404500.0,2.612,0.637,1.065,1.018,1.975,-0.428,0.047,1.4380000000000002,2404500.0,2404500.0,2404500.0,2404500.0,0.0,0.0,0.0,5.8857800000000005,5.8857800000000005,5.8857800000000005,5.8857800000000005,0.0,0.0,0.0,1.3419999999999999,423750.07,249,430,0,0,0,1,0,0,0,3.5,0,0.0,0.0,1.0,0,0.0,0.0,2.395349,0,0.0,0.0,305.0,279.0,363.0,246.0,26.0,-84.0,117.0,327.0,191.0,174.0,137.0,136.0,17.0,37.0,0.0,0.0,0.0,0.0,0.0,0.0,0.0,0.0,0.0,0.0,0.0,0.0,0.0,0.0,0.0,0.0,0.0,0.0,0.0,0.0,0.0,207.0,223.0,-16.0,382.0,407.0,-25.0,0.0,0.0,0.0,0.0,0.0,0.0,0.0,0.0,0.0
200,200,310207013,,310207013RY,2018,45,11,2018-11-05,11/11/2018,PESHAWAR,MS67361385,KNORR BLOCK NOODLES CHATPATA 18X264G,1.713,535978.8,1553.84667,1432.1166699999999,-5.48,5.76924,5.8857800000000005,6.11886,1412600.0,1.2990000000000002,2.612,0.637,1.065,-1.3130000000000002,1.975,-0.428,1.516,2404500.0,2404500.0,2404500.0,2404500.0,0.0,0.0,0.0,5.8857800000000005,5.8857800000000005,5.8857800000000005,5.8857800000000005,0.0,0.0,0.0,1.0935,345087.91,207,382,0,0,0,1,0,0,0,3.5,0,0.0,0.0,1.0,0,0.0,0.0,2.359948,0,0.0,0.0,249.0,305.0,279.0,363.0,-56.0,26.0,-84.0,430.0,327.0,191.0,174.0,103.0,136.0,17.0,0.0,0.0,0.0,0.0,0.0,0.0,0.0,0.0,0.0,0.0,0.0,0.0,0.0,0.0,0.0,0.0,0.0,0.0,0.0,0.0,0.0,223.0,206.0,17.0,407.0,262.0,145.0,0.0,0.0,0.0,0.0,0.0,0.0,0.0,0.0,0.0
220,220,310207013,,310207013RY,2018,47,11,2018-11-19,11/25/2018,PESHAWAR,MS67361385,KNORR BLOCK NOODLES CHATPATA 18X264G,0.981,306698.98,1553.84667,1432.1166699999999,-5.48,5.76924,5.8857800000000005,6.11886,1412600.0,1.7109999999999999,2.092,1.2990000000000002,2.612,-0.381,0.7929999999999999,-1.3130000000000002,1.700666667,1412600.0,1412600.0,2404500.0,2404500.0,0.0,-991900.0,0.0,5.8857800000000005,5.8857800000000005,5.8857800000000005,5.8857800000000005,0.0,0.0,0.0,0.9995,316294.26,206,262,0,0,0,1,0,0,0,3.5,0,0.0,0.0,1.0,0,0.0,0.0,2.196565,0,0.0,0.0,223.0,207.0,249.0,305.0,16.0,-42.0,-56.0,407.0,382.0,430.0,327.0,25.0,-48.0,103.0,0.0,0.0,0.0,0.0,0.0,0.0,0.0,0.0,0.0,0.0,0.0,0.0,0.0,0.0,0.0,0.0,0.0,0.0,0.0,0.0,0.0,154.0,225.0,-71.0,190.0,153.0,37.0,0.0,0.0,0.0,0.0,0.0,0.0,0.0,0.0,0.0
240,240,310207013,,310207013RY,2018,48,11,2018-11-26,12/2/2018,PESHAWAR,MS67361385,KNORR BLOCK NOODLES CHATPATA 18X264G,0.871,272455.89,1553.84667,1432.1166699999999,-5.48,5.76924,5.8857800000000005,6.11886,1412600.0,1.703,1.7109999999999999,2.092,1.2990000000000002,-0.008,-0.381,0.7929999999999999,1.8353333330000001,1412600.0,1412600.0,1412600.0,2404500.0,0.0,0.0,-991900.0,5.8857800000000005,5.8857800000000005,5.8857800000000005,5.8857800000000005,0.0,0.0,0.0,1.1037,348469.34,154,190,0,0,0,1,0,0,0,3.5,0,0.0,0.0,1.0,0,0.0,0.0,2.131579,0,0.0,0.0,206.0,223.0,207.0,249.0,-17.0,16.0,-42.0,262.0,407.0,382.0,430.0,-145.0,25.0,-48.0,0.0,0.0,0.0,0.0,0.0,0.0,0.0,0.0,0.0,0.0,0.0,0.0,0.0,0.0,0.0,0.0,0.0,0.0,0.0,0.0,0.0,225.0,314.0,-89.0,153.0,153.0,0.0,0.0,0.0,0.0,0.0,0.0,0.0,0.0,0.0,0.0
260,260,310207013,,310207013RY,2018,49,12,2018-12-03,12/9/2018,PESHAWAR,MS67361385,KNORR BLOCK NOODLES CHATPATA 18X264G,1.338,418361.23,1553.84667,1432.1166699999999,-5.48,5.76924,5.8857800000000005,6.11886,0.0,1.905,1.703,1.7109999999999999,2.092,0.20199999999999999,-0.008,-0.381,1.7730000000000001,1412600.0,1412600.0,1412600.0,1412600.0,0.0,0.0,0.0,5.8857800000000005,5.8857800000000005,5.8857800000000005,5.8857800000000005,0.0,0.0,0.0,1.1307,358229.49,225,153,0,0,0,1,0,0,0,3.0,0,0.0,0.0,1.0,0,0.0,0.0,1.699346,0,0.0,0.0,154.0,206.0,223.0,207.0,-52.0,-17.0,16.0,190.0,262.0,407.0,382.0,-72.0,-145.0,25.0,0.0,0.0,0.0,0.0,0.0,0.0,0.0,0.0,0.0,0.0,0.0,0.0,0.0,0.0,0.0,0.0,0.0,0.0,0.0,0.0,0.0,314.0,252.0,62.0,153.0,285.0,-132.0,0.0,0.0,0.0,0.0,0.0,0.0,0.0,0.0,0.0
280,280,310207013,,310207013RY,2018,50,12,2018-12-10,12/16/2018,PESHAWAR,MS67361385,KNORR BLOCK NOODLES CHATPATA 18X264G,1.751,547889.44,1553.84667,1432.1166699999999,-5.48,5.76924,5.8857800000000005,6.11886,0.0,1.911,1.905,1.703,1.7109999999999999,0.006,0.20199999999999999,-0.008,1.839666667,0.0,1412600.0,1412600.0,1412600.0,-1412600.0,0.0,0.0,5.8857800000000005,5.8857800000000005,5.8857800000000005,5.8857800000000005,0.0,0.0,0.0,1.2716,403846.13,314,153,0,0,0,1,0,0,0,3.0,0,0.0,0.0,1.0,0,0.0,0.0,1.74183,0,0.0,0.0,225.0,154.0,206.0,223.0,71.0,-52.0,-17.0,153.0,190.0,262.0,407.0,-37.0,-72.0,-145.0,0.0,0.0,0.0,0.0,0.0,0.0,0.0,0.0,0.0,0.0,0.0,0.0,0.0,0.0,0.0,0.0,0.0,0.0,0.0,0.0,0.0,252.0,240.0,12.0,285.0,268.0,17.0,0.0,0.0,0.0,0.0,0.0,0.0,0.0,0.0,0.0
300,300,310207013,,310207013RY,2018,51,12,2018-12-17,12/23/2018,PESHAWAR,MS67361385,KNORR BLOCK NOODLES CHATPATA 18X264G,1.05,327542.6,1553.84667,1432.1166699999999,-5.48,5.76924,5.8857800000000005,6.11886,0.0,1.7280000000000002,1.911,1.905,1.703,-0.183,0.006,0.20199999999999999,1.848,0.0,0.0,1412600.0,1412600.0,0.0,-1412600.0,0.0,5.8857800000000005,5.8857800000000005,5.8857800000000005,5.8857800000000005,0.0,0.0,0.0,1.4428,456397.59,252,285,0,0,0,1,0,0,0,3.5,0,0.0,0.0,1.0,0,0.0,0.0,2.22807,0,0.0,0.0,314.0,225.0,154.0,206.0,89.0,71.0,-52.0,153.0,153.0,190.0,262.0,0.0,-37.0,-72.0,0.0,0.0,0.0,0.0,0.0,0.0,0.0,0.0,0.0,0.0,0.0,0.0,0.0,0.0,0.0,0.0,0.0,0.0,0.0,0.0,0.0,240.0,201.0,39.0,268.0,160.0,108.0,0.0,0.0,0.0,0.0,0.0,0.0,0.0,0.0,0.0
320,320,310207013,,310207013RY,2018,52,12,2018-12-24,12/31/2018,PESHAWAR,MS67361385,KNORR BLOCK NOODLES CHATPATA 18X264G,1.305,407939.42,1553.84667,1432.1166699999999,-5.48,5.76924,5.8857800000000005,6.11886,0.0,0.462,1.7280000000000002,1.911,1.905,-1.266,-0.183,0.006,1.367,0.0,0.0,0.0,1412600.0,0.0,0.0,-1412600.0,5.8857800000000005,5.8857800000000005,5.8857800000000005,5.8857800000000005,0.0,0.0,0.0,1.5627,493547.39,240,268,0,0,0,1,0,0,0,3.5,0,0.0,0.0,1.0,0,0.0,0.0,2.2276119999999997,0,0.0,0.0,252.0,314.0,225.0,154.0,-62.0,89.0,71.0,285.0,153.0,153.0,190.0,132.0,0.0,-37.0,0.0,0.0,0.0,0.0,0.0,0.0,0.0,0.0,0.0,0.0,0.0,0.0,0.0,0.0,0.0,0.0,0.0,0.0,0.0,0.0,0.0,201.0,273.0,-72.0,160.0,282.0,-122.0,0.0,0.0,0.0,0.0,0.0,0.0,0.0,0.0,0.0
860,860,310207013,,310207013RY,2018,46,11,2018-11-12,11/18/2018,PESHAWAR,MS67361385,KNORR BLOCK NOODLES CHATPATA 18X264G,1.993,623819.77,1553.84667,1432.1166699999999,-5.48,5.76924,5.8857800000000005,6.11886,1412600.0,2.092,1.2990000000000002,2.612,0.637,0.7929999999999999,-1.3130000000000002,1.975,2.001,1412600.0,2404500.0,2404500.0,2404500.0,-991900.0,0.0,0.0,5.8857800000000005,5.8857800000000005,5.8857800000000005,5.8857800000000005,0.0,0.0,0.0,1.1607,367081.88,223,407,0,0,0,1,0,0,0,3.5,0,0.0,0.0,1.0,0,0.0,0.0,2.32801,0,0.0,0.0,207.0,249.0,305.0,279.0,-42.0,-56.0,26.0,382.0,430.0,327.0,191.0,-48.0,103.0,136.0,0.0,0.0,0.0,0.0,0.0,0.0,0.0,0.0,0.0,0.0,0.0,0.0,0.0,0.0,0.0,0.0,0.0,0.0,0.0,0.0,0.0,206.0,154.0,52.0,262.0,190.0,72.0,0.0,0.0,0.0,0.0,0.0,0.0,0.0,0.0,0.0
880,880,310207013,,310207013RY,2018,38,9,2018-09-17,9/23/2018,PESHAWAR,MS67361385,KNORR BLOCK NOODLES CHATPATA 18X264G,0.7709999999999999,241190.46,1553.84667,1432.1166699999999,-5.48,5.76924,5.8857800000000005,6.11886,6454000.0,0.981,1.5719999999999998,1.2,0.8540000000000001,-0.591,0.37200000000000005,0.34600000000000003,1.251,6454000.0,6454000.0,5999700.0,5999700.0,0.0,454300.0,0.0,5.8857800000000005,5.8857800000000005,5.8857800000000005,5.8857800000000005,0.0,0.0,0.0,1.1419,363676.44,356,212,0,0,0,1,0,0,0,3.0,0,0.0,0.0,1.0,0,0.0,0.0,1.6721700000000002,0,0.0,0.0,334.0,320.0,150.0,153.0,14.0,170.0,-3.0,193.0,206.0,109.0,114.0,-13.0,97.0,-5.0,0.0,0.0,0.0,0.0,0.0,0.0,0.0,0.0,0.0,0.0,0.0,0.0,0.0,0.0,0.0,0.0,0.0,0.0,0.0,0.0,0.0,386.0,246.0,140.0,191.0,137.0,54.0,0.0,0.0,0.0,0.0,0.0,0.0,0.0,0.0,0.0
900,900,310207013,,310207013RY,2018,34,8,2018-08-20,8/26/2018,PESHAWAR,MS67361385,KNORR BLOCK NOODLES CHATPATA 18X264G,0.462,144416.51,1553.84667,1432.1166699999999,-5.48,5.76924,5.8857800000000005,6.11886,5999700.0,1.442,1.004,0.847,0.612,0.43799999999999994,0.157,0.235,1.097666667,5999700.0,5999700.0,6939800.0,6939800.0,0.0,-940100.0,0.0,5.8857800000000005,5.8857800000000005,5.8857800000000005,5.8857800000000005,0.0,0.0,0.0,0.3676,115212.13,153,114,0,0,0,1,0,0,0,3.0,0,0.0,0.0,1.0,0,0.0,0.0,1.6096489999999999,0,0.0,0.0,429.0,360.0,451.0,273.0,69.0,-91.0,178.0,192.0,185.0,238.0,177.0,7.0,-53.0,61.0,0.0,0.0,0.0,0.0,0.0,0.0,0.0,0.0,0.0,372.0,256.0,0.0,-372.0,116.0,0.0,0.0,0.0,0.0,0.0,0.0,0.0,150.0,320.0,-170.0,109.0,206.0,-97.0,0.0,0.0,0.0,0.0,0.0,0.0,0.0,0.0,0.0
920,920,310207013,,310207013RY,2018,32,8,2018-08-06,8/12/2018,PESHAWAR,MS67361385,KNORR BLOCK NOODLES CHATPATA 18X264G,1.911,568650.09,1553.84667,1432.1166699999999,-5.48,5.76924,5.8857800000000005,6.11886,5999700.0,0.847,0.612,1.008,1.618,0.235,-0.396,-0.61,0.822333333,6939800.0,6939800.0,6939800.0,6939800.0,0.0,0.0,0.0,5.8857800000000005,5.8857800000000005,5.8857800000000005,5.76924,0.0,0.0,0.11654,2.0613,615335.77,360,185,0,0,0,1,0,0,0,3.0,0,0.0,0.0,1.0,0,0.0,0.0,1.7351349999999999,0,0.0,0.0,451.0,273.0,402.0,246.0,178.0,-129.0,156.0,238.0,177.0,197.0,153.0,61.0,-20.0,44.0,0.0,0.0,0.0,0.0,0.0,0.0,0.0,372.0,256.0,312.0,244.0,116.0,-56.0,68.0,0.0,0.0,0.0,0.0,0.0,0.0,0.0,429.0,153.0,276.0,192.0,114.0,78.0,0.0,0.0,0.0,0.0,0.0,0.0,0.0,0.0,0.0
940,940,310207013,,310207013RY,2018,31,7,2018-07-30,8/5/2018,PESHAWAR,MS67361385,KNORR BLOCK NOODLES CHATPATA 18X264G,1.905,561504.0,1553.84667,1432.1166699999999,-5.48,5.76924,5.8857800000000005,6.11886,6939800.0,0.612,1.008,1.618,1.0859999999999999,-0.396,-0.61,0.532,1.079333333,6939800.0,6939800.0,6939800.0,6939800.0,0.0,0.0,0.0,5.8857800000000005,5.8857800000000005,5.76924,5.76924,0.0,0.11654,0.0,2.3015,687062.25,451,238,0,372,0,1,0,1,0,3.0,0,10.0,0.0,1.0,0,10.0,0.0,1.6575630000000001,0,10.0,0.0,273.0,402.0,246.0,360.0,-129.0,156.0,-114.0,177.0,197.0,153.0,209.0,-20.0,44.0,-56.0,0.0,0.0,0.0,0.0,0.0,0.0,0.0,256.0,312.0,244.0,320.0,-56.0,68.0,-76.0,0.0,0.0,0.0,0.0,0.0,0.0,0.0,360.0,429.0,-69.0,185.0,192.0,-7.0,0.0,0.0,0.0,0.0,0.0,0.0,0.0,0.0,0.0
1080,1080,310207013,,310207013RY,2017,51,12,2017-12-18,12/24/2017,PESHAWAR,MS67361385,KNORR BLOCK NOODLES CHATPATA 18X264G,0.672,197930.16,1523.08,1403.76,-5.48,5.76924,5.76924,5.76924,1351700.0,,,,,,,,,1351700.0,1351700.0,6020700.0,6020700.0,0.0,-4669000.0,0.0,5.76924,5.76924,5.76924,5.76924,0.0,0.0,0.0,0.2304,68939.9,51,21,0,0,0,1,0,0,0,3.0,0,0.0,0.0,0.25,0,0.0,0.0,1.535714,0,0.0,0.0,66.0,23.0,34.0,27.0,43.0,-11.0,7.0,24.0,18.0,18.0,16.0,6.0,0.0,2.0,0.0,0.0,0.0,0.0,0.0,0.0,0.0,0.0,0.0,0.0,0.0,0.0,0.0,0.0,0.0,0.0,0.0,0.0,0.0,0.0,0.0,115.0,24.0,91.0,30.0,16.0,14.0,0.0,0.0,0.0,0.0,0.0,0.0,0.0,0.0,0.0
1280,1280,310207013,,310207013RY,2018,26,6,2018-06-25,7/1/2018,PESHAWAR,MS67361385,KNORR BLOCK NOODLES CHATPATA 18X264G,2.612,770664.24,1523.08,1403.76,-5.48,5.76924,5.76924,5.76924,3523100.0,0.8759999999999999,0.34299999999999997,1.236,0.861,0.5329999999999999,-0.893,0.375,0.818333333,3523100.0,3523100.0,3523100.0,8816500.0,0.0,0.0,-5293400.0,5.76924,5.76924,5.76924,5.76924,0.0,0.0,0.0,1.7676,527036.99,322,187,0,288,0,1,0,1,0,3.0,0,10.0,0.0,0.5,0,10.0,0.0,1.647059,0,10.0,0.0,305.0,230.0,260.0,311.0,75.0,-30.0,-51.0,174.0,134.0,154.0,187.0,40.0,-20.0,-33.0,0.0,0.0,0.0,0.0,0.0,0.0,0.0,260.0,200.0,275.0,375.0,60.0,-75.0,-100.0,0.0,0.0,0.0,0.0,0.0,0.0,0.0,360.0,246.0,114.0,209.0,153.0,56.0,0.0,0.0,0.0,320.0,244.0,76.0,0.0,0.0,0.0
1700,1700,310207013,,310207013RY,2017,52,12,2017-12-25,12/31/2017,PESHAWAR,MS67361385,KNORR BLOCK NOODLES CHATPATA 18X264G,0.048,14037.6,1523.08,1403.76,-5.48,5.76924,5.76924,5.76924,1351700.0,,,,,,,,,1351700.0,1351700.0,1351700.0,6020700.0,0.0,0.0,-4669000.0,5.76924,5.76924,5.76924,5.76924,0.0,0.0,0.0,0.2187,66678.54,115,30,0,0,0,1,0,0,0,3.0,0,0.0,0.0,0.25,0,0.0,0.0,1.275,0,0.0,0.0,51.0,66.0,23.0,34.0,-15.0,43.0,-11.0,21.0,24.0,18.0,18.0,-3.0,6.0,0.0,0.0,0.0,0.0,0.0,0.0,0.0,0.0,0.0,0.0,0.0,0.0,0.0,0.0,0.0,0.0,0.0,0.0,0.0,0.0,0.0,0.0,24.0,248.0,-224.0,16.0,40.0,-24.0,0.0,0.0,0.0,0.0,40.0,-40.0,0.0,0.0,0.0
2860,2860,310207013,,310207013RY,2018,17,4,2018-04-23,4/29/2018,PESHAWAR,MS67361385,KNORR BLOCK NOODLES CHATPATA 18X264G,0.8540000000000001,251273.04,1523.08,1403.76,-5.48,5.76924,5.76924,5.76924,13260100.0,0.672,0.855,0.12,0.42,-0.183,0.735,-0.3,0.5489999999999999,13260100.0,13260100.0,13260100.0,10869600.0,0.0,0.0,2390500.0,5.76924,5.76924,5.76924,5.76924,0.0,0.0,0.0,0.1101,33300.31,49,22,0,0,0,1,0,0,0,3.0,0,0.0,0.0,1.5,0,0.0,0.0,2.25,0,0.0,0.0,59.0,63.0,36.0,61.0,-4.0,27.0,-25.0,27.0,27.0,24.0,32.0,0.0,3.0,-8.0,0.0,0.0,0.0,0.0,0.0,0.0,0.0,0.0,0.0,0.0,0.0,0.0,0.0,0.0,0.0,0.0,0.0,0.0,0.0,0.0,0.0,61.0,37.0,24.0,31.0,18.0,13.0,0.0,0.0,0.0,0.0,0.0,0.0,0.0,0.0,0.0
3080,3080,310207013,,310207013RY,2018,16,4,2018-04-16,4/22/2018,PESHAWAR,MS67361385,KNORR BLOCK NOODLES CHATPATA 18X264G,1.442,425339.28,1523.08,1403.76,-5.48,5.76924,5.76924,5.76924,13260100.0,0.855,0.12,0.42,0.9229999999999999,0.735,-0.3,-0.503,0.465,13260100.0,13260100.0,10869600.0,10869600.0,0.0,2390500.0,0.0,5.76924,5.76924,5.76924,5.76924,0.0,0.0,0.0,0.3766,112300.69,59,27,0,0,0,1,0,0,0,3.0,0,0.0,0.0,1.5,0,0.0,0.0,2.333333,0,0.0,0.0,63.0,36.0,61.0,46.0,27.0,-25.0,15.0,27.0,24.0,32.0,25.0,3.0,-8.0,7.0,0.0,0.0,0.0,0.0,0.0,0.0,0.0,0.0,0.0,0.0,0.0,0.0,0.0,0.0,0.0,0.0,0.0,0.0,0.0,0.0,0.0,49.0,61.0,-12.0,22.0,31.0,-9.0,0.0,0.0,0.0,0.0,0.0,0.0,0.0,0.0,0.0
3360,3360,310207013,,310207013RY,2017,50,12,2017-12-11,12/17/2017,PESHAWAR,MS67361385,KNORR BLOCK NOODLES CHATPATA 18X264G,0.855,252676.8,1523.08,1403.76,-5.48,5.76924,5.76924,5.76924,1351700.0,,,,,,,,,1351700.0,6020700.0,6020700.0,,-4669000.0,0.0,,5.76924,5.76924,5.76924,,0.0,0.0,,0.1124,34392.06,66,24,0,0,0,1,0,0,0,3.0,0,0.0,0.0,0.25,0,0.0,0.0,1.59375,0,0.0,0.0,23.0,34.0,27.0,,-11.0,7.0,,18.0,18.0,16.0,,0.0,2.0,,0.0,0.0,0.0,,0.0,0.0,,0.0,0.0,0.0,,0.0,0.0,,0.0,0.0,0.0,,0.0,0.0,,51.0,115.0,-64.0,21.0,30.0,-9.0,0.0,0.0,0.0,0.0,0.0,0.0,0.0,0.0,0.0
3560,3560,310207013,,310207013RY,2018,6,2,2018-02-05,2/11/2018,PESHAWAR,MS67361385,KNORR BLOCK NOODLES CHATPATA 18X264G,1.236,364977.6,1523.08,1403.76,-5.48,5.76924,5.76924,5.76924,17810100.0,,,,,,,,,9725100.0,9725100.0,9725100.0,9725100.0,0.0,0.0,0.0,5.76924,5.76924,5.76924,5.76924,0.0,0.0,0.0,0.1221,36809.69,44,52,0,0,0,1,0,0,0,3.5,0,0.0,0.0,1.5,0,0.0,0.0,2.365385,0,0.0,0.0,89.0,421.0,242.0,248.0,-332.0,179.0,-6.0,80.0,42.0,26.0,40.0,38.0,16.0,-14.0,0.0,0.0,0.0,0.0,0.0,0.0,0.0,0.0,75.0,42.0,40.0,-75.0,33.0,2.0,0.0,0.0,0.0,0.0,0.0,0.0,0.0,32.0,33.0,-1.0,48.0,17.0,31.0,0.0,0.0,0.0,0.0,0.0,0.0,0.0,0.0,0.0
4900,4900,310207013,,310207013RY,2018,8,2,2018-02-19,2/25/2018,PESHAWAR,MS67361385,KNORR BLOCK NOODLES CHATPATA 18X264G,0.8759999999999999,258291.84,1523.08,1403.76,-5.48,5.76924,5.76924,5.76924,17810100.0,,,,,,,,,17810100.0,17810100.0,9725100.0,9725100.0,0.0,8085000.0,0.0,5.76924,5.76924,5.76924,5.76924,0.0,0.0,0.0,0.1522,45466.2,33,17,0,0,0,1,0,0,0,3.0,0,0.0,0.0,1.5,0,0.0,0.0,2.205882,0,0.0,0.0,32.0,44.0,89.0,421.0,-12.0,-45.0,-332.0,48.0,52.0,80.0,42.0,-4.0,-28.0,38.0,0.0,0.0,0.0,0.0,0.0,0.0,0.0,0.0,0.0,0.0,75.0,0.0,0.0,-75.0,0.0,0.0,0.0,0.0,0.0,0.0,0.0,52.0,24.0,28.0,18.0,12.0,6.0,0.0,0.0,0.0,0.0,0.0,0.0,0.0,0.0,0.0
4920,4920,310207013,,310207013RY,2018,2,1,2018-01-08,1/14/2018,PESHAWAR,MS67361385,KNORR BLOCK NOODLES CHATPATA 18X264G,0.22399999999999998,65976.72,1523.08,1403.76,-5.48,5.76924,5.76924,5.76924,9725100.0,,,,,,,,,9725100.0,1351700.0,1351700.0,1351700.0,8373400.0,0.0,0.0,5.76924,5.76924,5.76924,5.76924,0.0,0.0,0.0,0.1989,63325.68,248,40,0,40,0,1,0,1,0,3.5,0,1.0,0.0,1.5,0,1.0,0.0,2.3875,0,1.0,0.0,24.0,115.0,51.0,66.0,-91.0,64.0,-15.0,16.0,30.0,21.0,24.0,-14.0,9.0,-3.0,0.0,0.0,0.0,0.0,0.0,0.0,0.0,0.0,0.0,0.0,0.0,0.0,0.0,0.0,0.0,0.0,0.0,0.0,0.0,0.0,0.0,242.0,421.0,-179.0,26.0,42.0,-16.0,0.0,0.0,0.0,42.0,75.0,-33.0,0.0,0.0,0.0
5340,5340,310207013,,310207013RY,2018,5,1,2018-01-29,2/4/2018,PESHAWAR,MS67361385,KNORR BLOCK NOODLES CHATPATA 18X264G,0.861,254080.56,1523.08,1403.76,-5.48,5.76924,5.76924,5.76924,9725100.0,,,,,,,,,9725100.0,9725100.0,9725100.0,9725100.0,0.0,0.0,0.0,5.76924,5.76924,5.76924,5.76924,0.0,0.0,0.0,0.0648,20822.63,89,80,0,0,0,1,0,0,0,3.5,0,0.0,0.0,1.5,0,0.0,0.0,2.40625,0,0.0,0.0,421.0,242.0,248.0,24.0,179.0,-6.0,224.0,42.0,26.0,40.0,16.0,16.0,-14.0,24.0,0.0,0.0,0.0,0.0,0.0,0.0,0.0,75.0,42.0,40.0,0.0,33.0,2.0,40.0,0.0,0.0,0.0,0.0,0.0,0.0,0.0,44.0,32.0,12.0,52.0,48.0,4.0,0.0,0.0,0.0,0.0,0.0,0.0,0.0,0.0,0.0
5880,5880,310207013,,310207013RY,2017,49,12,2017-12-04,12/10/2017,PESHAWAR,MS67361385,KNORR BLOCK NOODLES CHATPATA 18X264G,0.12,35094.0,1523.08,1403.76,-5.48,5.76924,5.76924,5.76924,1351700.0,,,,,,,,,6020700.0,6020700.0,,,0.0,,,5.76924,5.76924,,,0.0,,,0.1033,30882.56,23,18,0,0,0,1,0,0,0,3.0,0,0.0,0.0,0.25,0,0.0,0.0,1.458333,0,0.0,0.0,34.0,27.0,,,7.0,,,18.0,16.0,,,2.0,,,0.0,0.0,,,0.0,,,0.0,0.0,,,0.0,,,0.0,0.0,,,0.0,,,66.0,51.0,15.0,24.0,21.0,3.0,0.0,0.0,0.0,0.0,0.0,0.0,0.0,0.0,0.0
5900,5900,310207013,,310207013RY,2018,18,4,2018-04-30,5/6/2018,PESHAWAR,MS67361385,KNORR BLOCK NOODLES CHATPATA 18X264G,1.2,353747.52,1523.08,1403.76,-5.48,5.76924,5.76924,5.76924,8816500.0,0.048,0.672,0.855,0.12,-0.624,-0.183,0.735,0.525,13260100.0,13260100.0,13260100.0,13260100.0,0.0,0.0,0.0,5.76924,5.76924,5.76924,5.76924,0.0,0.0,0.0,0.2404,72059.62,61,31,0,0,0,1,0,0,0,3.0,0,0.0,0.0,1.5,0,0.0,0.0,2.370968,0,0.0,0.0,49.0,59.0,63.0,36.0,-10.0,-4.0,27.0,22.0,27.0,27.0,24.0,-5.0,0.0,3.0,0.0,0.0,0.0,0.0,0.0,0.0,0.0,0.0,0.0,0.0,0.0,0.0,0.0,0.0,0.0,0.0,0.0,0.0,0.0,0.0,0.0,37.0,70.0,-33.0,18.0,27.0,-9.0,0.0,0.0,0.0,0.0,0.0,0.0,0.0,0.0,0.0
5920,5920,310207013,,310207013RY,2017,47,11,2017-11-20,11/26/2017,PESHAWAR,MS67361385,KNORR BLOCK NOODLES CHATPATA 18X264G,0.9229999999999999,272329.44,1523.08,1403.76,-5.48,5.76924,5.76924,5.76924,6020700.0,,,,,,,,,,,,,,,,,,,,,,,0.0874,26281.4,27,16,0,0,0,1,0,0,0,3.0,0,0.0,0.0,0.25,0,0.0,0.0,1.734375,0,0.0,0.0,,,,,,,,,,,,,,,,,,,,,,,,,,,,,,,,,,,,34.0,23.0,11.0,18.0,18.0,0.0,0.0,0.0,0.0,0.0,0.0,0.0,0.0,0.0,0.0
5940,5940,310207013,,310207013RY,2018,19,5,2018-05-07,5/13/2018,PESHAWAR,MS67361385,KNORR BLOCK NOODLES CHATPATA 18X264G,1.5719999999999998,464644.56,1523.08,1403.76,-5.48,5.76924,5.76924,5.76924,8816500.0,0.47100000000000003,0.048,0.672,0.855,0.423,-0.624,-0.183,0.397,8816500.0,13260100.0,13260100.0,13260100.0,-4443600.0,0.0,0.0,5.76924,5.76924,5.76924,5.76924,0.0,0.0,0.0,0.214,63793.06,37,18,0,0,0,1,0,0,0,3.0,0,0.0,0.0,1.5,0,0.0,0.0,2.333333,0,0.0,0.0,61.0,49.0,59.0,63.0,12.0,-10.0,-4.0,31.0,22.0,27.0,27.0,9.0,-5.0,0.0,0.0,0.0,0.0,0.0,0.0,0.0,0.0,0.0,0.0,0.0,0.0,0.0,0.0,0.0,0.0,0.0,0.0,0.0,0.0,0.0,0.0,70.0,256.0,-186.0,27.0,23.0,4.0,0.0,0.0,0.0,0.0,290.0,-290.0,0.0,0.0,0.0
6320,6320,310207013,,310207013RY,2018,10,3,2018-03-05,3/11/2018,PESHAWAR,MS67361385,KNORR BLOCK NOODLES CHATPATA 18X264G,1.0859999999999999,320057.28,1523.08,1403.76,-5.48,5.76924,5.76924,5.76924,10869600.0,,,,,,,,,17810100.0,17810100.0,17810100.0,17810100.0,0.0,0.0,0.0,5.76924,5.76924,5.76924,5.76924,0.0,0.0,0.0,0.1907,56696.27,24,12,0,0,0,1,0,0,0,3.0,0,0.0,0.0,1.5,0,0.0,0.0,2.5,0,0.0,0.0,52.0,33.0,32.0,44.0,19.0,1.0,-12.0,18.0,17.0,48.0,52.0,1.0,-31.0,-4.0,0.0,0.0,0.0,0.0,0.0,0.0,0.0,0.0,0.0,0.0,0.0,0.0,0.0,0.0,0.0,0.0,0.0,0.0,0.0,0.0,0.0,60.0,46.0,14.0,36.0,25.0,11.0,0.0,0.0,0.0,0.0,0.0,0.0,0.0,0.0,0.0
6340,6340,310207013,,310207013RY,2018,3,1,2018-01-15,1/21/2018,PESHAWAR,MS67361385,KNORR BLOCK NOODLES CHATPATA 18X264G,0.376,110897.04,1523.08,1403.76,-5.48,5.76924,5.76924,5.76924,9725100.0,,,,,,,,,9725100.0,9725100.0,1351700.0,1351700.0,0.0,8373400.0,0.0,5.76924,5.76924,5.76924,5.76924,0.0,0.0,0.0,0.3789,115659.63,242,26,0,42,0,1,0,1,0,3.5,0,1.0,0.0,1.5,0,1.0,0.0,2.384615,0,1.0,0.0,248.0,24.0,115.0,51.0,224.0,-91.0,64.0,40.0,16.0,30.0,21.0,24.0,-14.0,9.0,0.0,0.0,0.0,0.0,0.0,0.0,0.0,40.0,0.0,0.0,0.0,40.0,0.0,0.0,0.0,0.0,0.0,0.0,0.0,0.0,0.0,421.0,89.0,332.0,42.0,80.0,-38.0,0.0,0.0,0.0,75.0,0.0,75.0,0.0,0.0,0.0
7220,7220,310207013,,310207013RY,2018,15,4,2018-04-09,4/15/2018,PESHAWAR,MS67361385,KNORR BLOCK NOODLES CHATPATA 18X264G,1.004,296193.36,1523.08,1403.76,-5.48,5.76924,5.76924,5.76924,13260100.0,0.12,0.42,0.9229999999999999,,-0.3,-0.503,,0.48766666700000005,13260100.0,10869600.0,10869600.0,10869600.0,2390500.0,0.0,0.0,5.76924,5.76924,5.76924,5.76924,0.0,0.0,0.0,0.2979,89138.68,63,27,0,0,0,1,0,0,0,3.0,0,0.0,0.0,1.5,0,0.0,0.0,2.555556,0,0.0,0.0,36.0,61.0,46.0,60.0,-25.0,15.0,-14.0,24.0,32.0,25.0,36.0,-8.0,7.0,-11.0,0.0,0.0,0.0,0.0,0.0,0.0,0.0,0.0,0.0,0.0,0.0,0.0,0.0,0.0,0.0,0.0,0.0,0.0,0.0,0.0,0.0,59.0,49.0,10.0,27.0,22.0,5.0,0.0,0.0,0.0,0.0,0.0,0.0,0.0,0.0,0.0
7820,7820,310207013,,310207013RY,2018,27,7,2018-07-02,7/8/2018,PESHAWAR,MS67361385,KNORR BLOCK NOODLES CHATPATA 18X264G,1.2990000000000002,383226.48,1523.08,1403.76,-5.48,5.76924,5.76924,5.76924,6939800.0,0.629,0.8759999999999999,0.34299999999999997,1.236,-0.247,0.5329999999999999,-0.893,0.616,3523100.0,3523100.0,3523100.0,3523100.0,0.0,0.0,0.0,5.76924,5.76924,5.76924,5.76924,0.0,0.0,0.0,1.8165,542475.21,360,209,0,320,0,1,0,1,0,3.0,0,10.0,0.0,1.0,0,10.0,0.0,1.7105259999999998,0,10.0,0.0,322.0,305.0,230.0,260.0,17.0,75.0,-30.0,187.0,174.0,134.0,154.0,13.0,40.0,-20.0,0.0,0.0,0.0,0.0,0.0,0.0,0.0,288.0,260.0,200.0,275.0,28.0,60.0,-75.0,0.0,0.0,0.0,0.0,0.0,0.0,0.0,246.0,402.0,-156.0,153.0,197.0,-44.0,0.0,0.0,0.0,244.0,312.0,-68.0,0.0,0.0,0.0
7840,7840,310207013,,310207013RY,2018,20,5,2018-05-14,5/20/2018,PESHAWAR,MS67361385,KNORR BLOCK NOODLES CHATPATA 18X264G,0.981,289174.56,1523.08,1403.76,-5.48,5.76924,5.76924,5.76924,8816500.0,0.22399999999999998,0.47100000000000003,0.048,0.672,-0.247,0.423,-0.624,0.24766666699999998,8816500.0,8816500.0,13260100.0,13260100.0,0.0,-4443600.0,0.0,5.76924,5.76924,5.76924,5.76924,0.0,0.0,0.0,0.1928,58178.08,70,27,0,0,0,1,0,0,0,3.0,0,0.0,0.0,1.5,0,0.0,0.0,2.5,0,0.0,0.0,37.0,61.0,49.0,59.0,-24.0,12.0,-10.0,18.0,31.0,22.0,27.0,-13.0,9.0,-5.0,0.0,0.0,0.0,0.0,0.0,0.0,0.0,0.0,0.0,0.0,0.0,0.0,0.0,0.0,0.0,0.0,0.0,0.0,0.0,0.0,0.0,256.0,311.0,-55.0,23.0,187.0,-164.0,0.0,0.0,0.0,290.0,375.0,-85.0,0.0,0.0,0.0
7860,7860,310207013,,310207013RY,2018,13,3,2018-03-26,4/1/2018,PESHAWAR,MS67361385,KNORR BLOCK NOODLES CHATPATA 18X264G,0.612,179681.28,1523.08,1403.76,-5.48,5.76924,5.76924,5.76924,10869600.0,0.9229999999999999,,,,,,,0.9229999999999999,10869600.0,10869600.0,10869600.0,17810100.0,0.0,0.0,-6940500.0,5.76924,5.76924,5.76924,5.76924,0.0,0.0,0.0,0.187,56306.39,61,32,0,0,0,1,0,0,0,3.0,0,0.0,0.0,1.5,0,0.0,0.0,2.34375,0,0.0,0.0,46.0,60.0,24.0,52.0,-14.0,36.0,-28.0,25.0,36.0,12.0,18.0,-11.0,24.0,-6.0,0.0,0.0,0.0,0.0,0.0,0.0,0.0,0.0,0.0,0.0,0.0,0.0,0.0,0.0,0.0,0.0,0.0,0.0,0.0,0.0,0.0,36.0,63.0,-27.0,24.0,27.0,-3.0,0.0,0.0,0.0,0.0,0.0,0.0,0.0,0.0,0.0
9000,9000,310207013,,310207013RY,2018,22,5,2018-05-28,6/3/2018,PESHAWAR,MS67361385,KNORR BLOCK NOODLES CHATPATA 18X264G,1.94,572734.08,1523.08,1403.76,-5.48,5.76924,5.76924,5.76924,8816500.0,1.17,0.376,0.22399999999999998,0.47100000000000003,0.794,0.152,-0.247,0.59,8816500.0,8816500.0,8816500.0,8816500.0,0.0,0.0,0.0,5.76924,5.76924,5.76924,5.76924,0.0,0.0,0.0,1.6923,501194.78,311,187,0,375,0,1,0,1,0,3.0,0,30.0,0.0,1.0,0,10.0,0.0,1.652406,0,14.0,0.0,256.0,70.0,37.0,61.0,186.0,33.0,-24.0,23.0,27.0,18.0,31.0,-4.0,9.0,-13.0,0.0,0.0,0.0,0.0,0.0,0.0,0.0,290.0,0.0,0.0,0.0,290.0,0.0,0.0,0.0,0.0,0.0,0.0,0.0,0.0,0.0,260.0,230.0,30.0,154.0,134.0,20.0,0.0,0.0,0.0,275.0,200.0,75.0,0.0,0.0,0.0
9020,9020,310207013,,310207013RY,2018,21,5,2018-05-21,5/27/2018,PESHAWAR,MS67361385,KNORR BLOCK NOODLES CHATPATA 18X264G,1.6269999999999998,480085.92,1523.08,1403.76,-5.48,5.76924,5.76924,5.76924,8816500.0,0.376,0.22399999999999998,0.47100000000000003,0.048,0.152,-0.247,0.423,0.35700000000000004,8816500.0,8816500.0,8816500.0,13260100.0,0.0,0.0,-4443600.0,5.76924,5.76924,5.76924,5.76924,0.0,0.0,0.0,0.9373,280835.28,256,23,0,290,0,1,0,1,0,3.0,0,30.0,0.0,1.5,0,10.0,0.0,2.347826,0,14.0,0.0,70.0,37.0,61.0,49.0,33.0,-24.0,12.0,27.0,18.0,31.0,22.0,9.0,-13.0,9.0,0.0,0.0,0.0,0.0,0.0,0.0,0.0,0.0,0.0,0.0,0.0,0.0,0.0,0.0,0.0,0.0,0.0,0.0,0.0,0.0,0.0,311.0,260.0,51.0,187.0,154.0,33.0,0.0,0.0,0.0,375.0,275.0,100.0,0.0,0.0,0.0
9040,9040,310207013,,310207013RY,2018,7,2,2018-02-12,2/18/2018,PESHAWAR,MS67361385,KNORR BLOCK NOODLES CHATPATA 18X264G,0.34299999999999997,101070.72,1523.08,1403.76,-5.48,5.76924,5.76924,5.76924,17810100.0,,,,,,,,,17810100.0,9725100.0,9725100.0,9725100.0,8085000.0,0.0,0.0,5.76924,5.76924,5.76924,5.76924,0.0,0.0,0.0,0.1211,36341.76,32,48,0,0,0,1,0,0,0,3.5,0,0.0,0.0,1.5,0,0.0,0.0,2.364583,0,0.0,0.0,44.0,89.0,421.0,242.0,-45.0,-332.0,179.0,52.0,80.0,42.0,26.0,-28.0,38.0,16.0,0.0,0.0,0.0,0.0,0.0,0.0,0.0,0.0,0.0,75.0,42.0,0.0,-75.0,33.0,0.0,0.0,0.0,0.0,0.0,0.0,0.0,33.0,52.0,-19.0,17.0,18.0,-1.0,0.0,0.0,0.0,0.0,0.0,0.0,0.0,0.0,0.0
9060,9060,310207013,,310207013RY,2018,11,3,2018-03-12,3/18/2018,PESHAWAR,MS67361385,KNORR BLOCK NOODLES CHATPATA 18X264G,1.618,477278.4,1523.08,1403.76,-5.48,5.76924,5.76924,5.76924,10869600.0,,,,,,,,,10869600.0,17810100.0,17810100.0,17810100.0,-6940500.0,0.0,0.0,5.76924,5.76924,5.76924,5.76924,0.0,0.0,0.0,0.1146,34938.07,60,36,0,0,0,1,0,0,0,3.0,0,0.0,0.0,1.5,0,0.0,0.0,2.291667,0,0.0,0.0,24.0,52.0,33.0,32.0,-28.0,19.0,1.0,12.0,18.0,17.0,48.0,-6.0,1.0,-31.0,0.0,0.0,0.0,0.0,0.0,0.0,0.0,0.0,0.0,0.0,0.0,0.0,0.0,0.0,0.0,0.0,0.0,0.0,0.0,0.0,0.0,46.0,61.0,-15.0,25.0,32.0,-7.0,0.0,0.0,0.0,0.0,0.0,0.0,0.0,0.0,0.0
9920,9920,310207013,,310207013RY,2018,25,6,2018-06-18,6/24/2018,PESHAWAR,MS67361385,KNORR BLOCK NOODLES CHATPATA 18X264G,0.637,188103.84,1523.08,1403.76,-5.48,5.76924,5.76924,5.76924,3523100.0,0.34299999999999997,1.236,0.861,1.17,-0.893,0.375,-0.309,0.813333333,3523100.0,3523100.0,8816500.0,8816500.0,0.0,-5293400.0,0.0,5.76924,5.76924,5.76924,5.76924,0.0,0.0,0.0,1.5815,466976.0,305,174,0,260,0,1,0,1,0,3.0,0,10.0,0.0,0.5,0,10.0,0.0,1.646552,0,10.0,0.0,230.0,260.0,311.0,256.0,-30.0,-51.0,55.0,134.0,154.0,187.0,23.0,-20.0,-33.0,164.0,0.0,0.0,0.0,0.0,0.0,0.0,0.0,200.0,275.0,375.0,290.0,-75.0,-100.0,85.0,0.0,0.0,0.0,0.0,0.0,0.0,0.0,322.0,360.0,-38.0,187.0,209.0,-22.0,0.0,0.0,0.0,288.0,320.0,-32.0,0.0,0.0,0.0
10940,10940,310207013,,310207013RY,2018,9,2,2018-02-26,3/4/2018,PESHAWAR,MS67361385,KNORR BLOCK NOODLES CHATPATA 18X264G,0.629,185296.32,1523.08,1403.76,-5.48,5.76924,5.76924,5.76924,17810100.0,,,,,,,,,17810100.0,17810100.0,17810100.0,9725100.0,0.0,0.0,8085000.0,5.76924,5.76924,5.76924,5.76924,0.0,0.0,0.0,0.1045,31818.61,52,18,0,0,0,1,0,0,0,3.0,0,0.0,0.0,1.5,0,0.0,0.0,2.25,0,0.0,0.0,33.0,32.0,44.0,89.0,1.0,-12.0,-45.0,17.0,48.0,52.0,80.0,-31.0,-4.0,-28.0,0.0,0.0,0.0,0.0,0.0,0.0,0.0,0.0,0.0,0.0,0.0,0.0,0.0,0.0,0.0,0.0,0.0,0.0,0.0,0.0,0.0,24.0,60.0,-36.0,12.0,36.0,-24.0,0.0,0.0,0.0,0.0,0.0,0.0,0.0,0.0,0.0
11000,11000,310207013,,310207013RY,2018,30,7,2018-07-23,7/29/2018,PESHAWAR,MS67361385,KNORR BLOCK NOODLES CHATPATA 18X264G,1.703,502546.08,1553.84667,1432.1166699999999,-5.48,5.76924,5.8857800000000005,6.11886,6939800.0,1.008,1.618,1.0859999999999999,0.629,-0.61,0.532,0.457,1.237333333,6939800.0,6939800.0,6939800.0,3523100.0,0.0,0.0,3416700.0,5.8857800000000005,5.76924,5.76924,5.76924,0.11654,0.0,0.0,1.6463,490613.85,273,177,0,256,0,1,0,1,0,3.0,0,10.0,0.0,1.0,0,10.0,0.0,1.6949150000000002,0,10.0,0.0,402.0,246.0,360.0,322.0,156.0,-114.0,38.0,197.0,153.0,209.0,187.0,44.0,-56.0,22.0,0.0,0.0,0.0,0.0,0.0,0.0,0.0,312.0,244.0,320.0,288.0,68.0,-76.0,32.0,0.0,0.0,0.0,0.0,0.0,0.0,0.0,451.0,360.0,91.0,238.0,185.0,53.0,0.0,0.0,0.0,372.0,0.0,372.0,0.0,0.0,0.0
11020,11020,310207013,,310207013RY,2018,23,6,2018-06-04,6/10/2018,PESHAWAR,MS67361385,KNORR BLOCK NOODLES CHATPATA 18X264G,1.018,300404.64,1523.08,1403.76,-5.48,5.76924,5.76924,5.76924,3523100.0,0.861,1.17,0.376,0.22399999999999998,-0.309,0.794,0.152,0.802333333,8816500.0,8816500.0,8816500.0,8816500.0,0.0,0.0,0.0,5.76924,5.76924,5.76924,5.76924,0.0,0.0,0.0,1.0773,322552.96,260,154,0,275,0,1,0,1,0,3.0,0,30.0,0.0,0.5,0,10.0,0.0,1.6493509999999998,0,14.0,0.0,311.0,256.0,70.0,37.0,55.0,186.0,33.0,187.0,23.0,27.0,18.0,164.0,-4.0,9.0,0.0,0.0,0.0,0.0,0.0,0.0,0.0,375.0,290.0,0.0,0.0,85.0,290.0,0.0,0.0,0.0,0.0,0.0,0.0,0.0,0.0,230.0,305.0,-75.0,134.0,174.0,-40.0,0.0,0.0,0.0,200.0,260.0,-60.0,0.0,0.0,0.0
11040,11040,310207013,,310207013RY,2018,12,3,2018-03-19,3/25/2018,PESHAWAR,MS67361385,KNORR BLOCK NOODLES CHATPATA 18X264G,1.008,297597.12,1523.08,1403.76,-5.48,5.76924,5.76924,5.76924,10869600.0,,,,,,,,,10869600.0,10869600.0,17810100.0,17810100.0,0.0,-6940500.0,0.0,5.76924,5.76924,5.76924,5.76924,0.0,0.0,0.0,0.0703,21524.31,46,25,0,0,0,1,0,0,0,3.0,0,0.0,0.0,1.5,0,0.0,0.0,2.46,0,0.0,0.0,60.0,24.0,52.0,33.0,36.0,-28.0,19.0,36.0,12.0,18.0,17.0,24.0,-6.0,1.0,0.0,0.0,0.0,0.0,0.0,0.0,0.0,0.0,0.0,0.0,0.0,0.0,0.0,0.0,0.0,0.0,0.0,0.0,0.0,0.0,0.0,61.0,36.0,25.0,32.0,24.0,8.0,0.0,0.0,0.0,0.0,0.0,0.0,0.0,0.0,0.0
11060,11060,310207013,,310207013RY,2018,4,1,2018-01-22,1/28/2018,PESHAWAR,MS67361385,KNORR BLOCK NOODLES CHATPATA 18X264G,1.17,345324.96,1523.08,1403.76,-5.48,5.76924,5.76924,5.76924,9725100.0,,,,,,,,,9725100.0,9725100.0,9725100.0,1351700.0,0.0,0.0,8373400.0,5.76924,5.76924,5.76924,5.76924,0.0,0.0,0.0,0.8317,252680.32,421,42,0,75,0,1,0,1,0,3.5,0,1.0,0.0,1.5,0,1.0,0.0,2.369048,0,1.0,0.0,242.0,248.0,24.0,115.0,-6.0,224.0,-91.0,26.0,40.0,16.0,30.0,-14.0,24.0,-14.0,0.0,0.0,0.0,0.0,0.0,0.0,0.0,42.0,40.0,0.0,0.0,2.0,40.0,0.0,0.0,0.0,0.0,0.0,0.0,0.0,0.0,89.0,44.0,45.0,80.0,52.0,28.0,0.0,0.0,0.0,0.0,0.0,0.0,0.0,0.0,0.0
11080,11080,310207013,,310207013RY,2018,1,1,2018-01-01,1/7/2018,PESHAWAR,MS67361385,KNORR BLOCK NOODLES CHATPATA 18X264G,0.47100000000000003,138972.24,1523.08,1403.76,-5.48,5.76924,5.76924,5.76924,9725100.0,,,,,,,,,1351700.0,1351700.0,1351700.0,1351700.0,0.0,0.0,0.0,5.76924,5.76924,5.76924,5.76924,0.0,0.0,0.0,0.0391,11931.95,24,16,0,0,0,1,0,0,0,3.5,0,0.0,0.0,1.5,0,0.0,0.0,2.34375,0,0.0,0.0,115.0,51.0,66.0,23.0,64.0,-15.0,43.0,30.0,21.0,24.0,18.0,9.0,-3.0,6.0,0.0,0.0,0.0,0.0,0.0,0.0,0.0,0.0,0.0,0.0,0.0,0.0,0.0,0.0,0.0,0.0,0.0,0.0,0.0,0.0,0.0,248.0,242.0,6.0,40.0,26.0,14.0,0.0,0.0,0.0,40.0,42.0,-2.0,0.0,0.0,0.0
11100,11100,310207013,,310207013RY,2018,14,4,2018-04-02,4/8/2018,PESHAWAR,MS67361385,KNORR BLOCK NOODLES CHATPATA 18X264G,0.847,249869.28,1523.08,1403.76,-5.48,5.76924,5.76924,5.76924,13260100.0,0.42,0.9229999999999999,,,-0.503,,,0.6715,10869600.0,10869600.0,10869600.0,10869600.0,0.0,0.0,0.0,5.76924,5.76924,5.76924,5.76924,0.0,0.0,0.0,0.2443,72839.48,36,24,0,0,0,1,0,0,0,3.0,0,0.0,0.0,1.5,0,0.0,0.0,2.375,0,0.0,0.0,61.0,46.0,60.0,24.0,15.0,-14.0,36.0,32.0,25.0,36.0,12.0,7.0,-11.0,24.0,0.0,0.0,0.0,0.0,0.0,0.0,0.0,0.0,0.0,0.0,0.0,0.0,0.0,0.0,0.0,0.0,0.0,0.0,0.0,0.0,0.0,63.0,59.0,4.0,27.0,27.0,0.0,0.0,0.0,0.0,0.0,0.0,0.0,0.0,0.0,0.0
11120,11120,310207013,,310207013RY,2018,24,6,2018-06-11,6/17/2018,PESHAWAR,MS67361385,KNORR BLOCK NOODLES CHATPATA 18X264G,1.065,314442.24,1523.08,1403.76,-5.48,5.76924,5.76924,5.76924,3523100.0,1.236,0.861,1.17,0.376,0.375,-0.309,0.794,1.089,3523100.0,8816500.0,8816500.0,8816500.0,-5293400.0,0.0,0.0,5.76924,5.76924,5.76924,5.76924,0.0,0.0,0.0,0.7566,227331.29,230,134,0,200,0,1,0,1,0,3.0,0,10.0,0.0,0.5,0,10.0,0.0,1.69403,0,10.0,0.0,260.0,311.0,256.0,70.0,-51.0,55.0,186.0,154.0,187.0,23.0,27.0,-33.0,164.0,-4.0,0.0,0.0,0.0,0.0,0.0,0.0,0.0,275.0,375.0,290.0,0.0,-100.0,85.0,290.0,0.0,0.0,0.0,0.0,0.0,0.0,0.0,305.0,322.0,-17.0,174.0,187.0,-13.0,0.0,0.0,0.0,260.0,288.0,-28.0,0.0,0.0,0.0
11160,11160,310207013,,310207013RY,2018,29,7,2018-07-16,7/22/2018,PESHAWAR,MS67361385,KNORR BLOCK NOODLES CHATPATA 18X264G,1.7109999999999999,505353.6,1553.84667,1432.1166699999999,-5.48,5.76924,5.8857800000000005,6.11886,6939800.0,1.618,1.0859999999999999,0.629,0.8759999999999999,0.532,0.457,-0.247,1.111,6939800.0,6939800.0,3523100.0,3523100.0,0.0,3416700.0,0.0,5.76924,5.76924,5.76924,5.76924,0.0,0.0,0.0,1.6843,503025.24,402,197,0,312,0,1,0,1,0,3.0,0,10.0,0.0,1.0,0,10.0,0.0,1.667513,0,10.0,0.0,246.0,360.0,322.0,305.0,-114.0,38.0,17.0,153.0,209.0,187.0,174.0,-56.0,22.0,13.0,0.0,0.0,0.0,0.0,0.0,0.0,0.0,244.0,320.0,288.0,260.0,-76.0,32.0,28.0,0.0,0.0,0.0,0.0,0.0,0.0,0.0,273.0,451.0,-178.0,177.0,238.0,-61.0,0.0,0.0,0.0,256.0,372.0,-116.0,0.0,0.0,0.0
11760,11760,310207013,,310207013RY,2017,48,11,2017-11-27,12/3/2017,PESHAWAR,MS67361385,KNORR BLOCK NOODLES CHATPATA 18X264G,0.42,123530.88,1523.08,1403.76,-5.48,5.76924,5.76924,5.76924,6020700.0,,,,,,,,,6020700.0,,,,,,,5.76924,,,,,,,0.1781,53186.69,34,18,0,0,0,1,0,0,0,3.0,0,0.0,0.0,0.25,0,0.0,0.0,1.375,0,0.0,0.0,27.0,,,,,,,16.0,,,,,,,0.0,,,,,,,0.0,,,,,,,0.0,,,,,,,23.0,66.0,-43.0,18.0,24.0,-6.0,0.0,0.0,0.0,0.0,0.0,0.0,0.0,0.0,0.0
11780,11780,310207013,,310207013RY,2018,28,7,2018-07-09,7/15/2018,PESHAWAR,MS67361385,KNORR BLOCK NOODLES CHATPATA 18X264G,2.092,617654.4,1523.08,1403.76,-5.48,5.76924,5.76924,5.76924,6939800.0,1.0859999999999999,0.629,0.8759999999999999,0.34299999999999997,0.457,-0.247,0.5329999999999999,0.863666667,6939800.0,3523100.0,3523100.0,3523100.0,3416700.0,0.0,0.0,5.76924,5.76924,5.76924,5.76924,0.0,0.0,0.0,1.284,382376.74,246,153,0,244,0,1,0,1,0,3.0,0,10.0,0.0,1.0,0,10.0,0.0,1.6732029999999998,0,10.0,0.0,360.0,322.0,305.0,230.0,38.0,17.0,75.0,209.0,187.0,174.0,134.0,22.0,13.0,40.0,0.0,0.0,0.0,0.0,0.0,0.0,0.0,320.0,288.0,260.0,200.0,32.0,28.0,60.0,0.0,0.0,0.0,0.0,0.0,0.0,0.0,402.0,273.0,129.0,197.0,177.0,20.0,0.0,0.0,0.0,312.0,256.0,56.0,0.0,0.0,0.0
